City_ID,City,Lat,Lng,Max Temp,Humidity,Cloudiness,Wind Speed,Country,Date
0,Cabo San Lucas,22.8909,-109.9124,75.61,59,0,3.0,MX,2022-02-05 19:28:54
1,Saint George,37.1041,-113.5841,54.07,23,0,3.0,US,2022-02-05 19:30:15
2,New Norfolk,-42.7826,147.0587,56.71,67,100,1.68,AU,2022-02-05 19:30:15
3,Palmer,42.1584,-72.3287,25.59,55,20,3.0,US,2022-02-05 19:20:51
4,Bluff,-46.6,168.3333,51.8,71,72,13.67,NZ,2022-02-05 19:30:16
5,Shimoda,34.6667,138.95,33.1,64,11,25.03,JP,2022-02-05 19:30:16
6,Ampanihy,-24.7,44.75,75.22,82,100,18.79,MG,2022-02-05 19:30:09
7,Jamestown,42.097,-79.2353,22.3,45,40,3.0,US,2022-02-05 19:30:17
8,Yellowknife,62.456,-114.3525,-9.58,89,75,6.91,CA,2022-02-05 19:28:31
9,Soyo,-6.1349,12.3689,78.17,84,87,9.01,AO,2022-02-05 19:30:17
10,Adamas,36.7333,24.4333,55.76,63,46,1.05,GR,2022-02-05 19:30:18
11,Victoria,22.2855,114.1577,60.33,82,100,1.99,HK,2022-02-05 19:25:47
12,Lagoa,39.05,-27.9833,59.0,76,49,18.14,PT,2022-02-05 19:23:03
13,Shelburne,44.0787,-80.2041,16.36,65,38,4.34,CA,2022-02-05 19:30:18
14,Hermanus,-34.4187,19.2345,69.8,78,51,16.8,ZA,2022-02-05 19:30:19
15,Port Augusta,-32.5,137.7667,73.71,29,51,18.34,AU,2022-02-05 19:19:25
16,Lebu,-37.6167,-73.65,63.77,70,0,19.55,CL,2022-02-05 19:30:19
17,Virginia Beach,36.8529,-75.978,42.85,50,20,3.0,US,2022-02-05 19:29:11
18,Esterhazy,50.65,-102.0843,9.45,91,98,4.68,CA,2022-02-05 19:30:20
19,Djambala,-2.5447,14.7533,72.48,80,85,4.25,CG,2022-02-05 19:30:20
20,Albany,42.6001,-73.9662,21.16,60,4,7.0,US,2022-02-05 19:30:01
21,Barrow,71.2906,-156.7887,-14.78,70,75,12.66,US,2022-02-05 19:30:01
22,Punta Arenas,-53.15,-70.9167,59.11,77,100,21.85,CL,2022-02-05 19:30:21
23,Qaanaaq,77.484,-69.3632,1.02,88,100,3.65,GL,2022-02-05 19:30:21
24,Poum,-20.2333,164.0167,80.82,72,99,3.36,NC,2022-02-05 19:30:21
25,Port Elizabeth,-33.918,25.5701,69.1,83,20,16.11,ZA,2022-02-05 19:21:52
26,Son La,21.3167,103.9,50.94,98,100,3.2,VN,2022-02-05 19:30:12
27,Safaga,26.7292,33.9365,58.95,54,0,16.22,EG,2022-02-05 19:30:22
28,Sambava,-14.2667,50.1667,76.66,89,100,5.1,MG,2022-02-05 19:25:58
29,Klaksvik,62.2266,-6.589,32.92,82,56,28.36,FO,2022-02-05 19:30:23
30,Pevek,69.7008,170.3133,-28.39,99,39,2.89,RU,2022-02-05 19:30:23
31,Kisanga,-7.4362,37.7034,75.02,74,99,2.62,TZ,2022-02-05 19:30:23
32,Bedele,8.456,36.353,65.14,46,100,2.3,ET,2022-02-05 19:30:24
33,Bathsheba,13.2167,-59.5167,83.01,57,20,14.97,BB,2022-02-05 19:30:24
34,Mataura,-46.1927,168.8643,51.48,94,100,1.05,NZ,2022-02-05 19:30:24
35,Saratoga Springs,43.0831,-73.7846,22.5,55,2,5.01,US,2022-02-05 19:27:44
36,Guatire,10.4762,-66.5427,86.5,80,77,4.63,VE,2022-02-05 19:30:25
37,Georgetown,5.4112,100.3354,80.89,84,20,0.0,MY,2022-02-05 19:30:25
38,Wamba,8.9333,8.6,74.89,19,0,3.36,NG,2022-02-05 19:30:26
39,Cape Town,-33.9258,18.4232,73.89,60,0,1.99,ZA,2022-02-05 19:30:26
40,Yulara,-25.2406,130.9889,64.24,59,0,5.75,AU,2022-02-05 19:30:26
41,Vaini,-21.2,-175.2,77.16,94,100,8.05,TO,2022-02-05 19:30:27
42,Padang,-0.9492,100.3543,74.16,97,100,1.7,ID,2022-02-05 19:29:07
43,Kapaa,22.0752,-159.319,73.72,79,40,1.99,US,2022-02-05 19:31:27
44,Doume,4.2333,13.45,72.19,24,47,2.82,CM,2022-02-05 19:31:27
45,Carnarvon,-24.8667,113.6333,78.87,89,75,10.36,AU,2022-02-05 19:31:28
46,Butaritari,3.0707,172.7902,82.56,71,49,19.24,KI,2022-02-05 19:31:28
47,Airai,-8.9266,125.4092,60.78,91,100,1.86,TL,2022-02-05 19:31:29
48,Abu Dhabi,24.4667,54.3667,71.62,81,20,1.01,AE,2022-02-05 19:31:29
49,Busselton,-33.65,115.3333,65.05,87,12,5.91,AU,2022-02-05 19:31:29
50,Quilali,13.567,-86.026,83.88,30,26,12.15,NI,2022-02-05 19:31:30
51,Rikitea,-23.1203,-134.9692,78.93,72,99,11.18,PF,2022-02-05 19:31:30
52,Bredasdorp,-34.5322,20.0403,69.28,73,93,21.85,ZA,2022-02-05 19:31:30
53,Alofi,-19.0595,-169.9187,78.69,94,100,4.61,NU,2022-02-05 19:24:37
54,Bethel,41.3712,-73.414,27.3,67,40,13.8,US,2022-02-05 19:31:31
55,Half Moon Bay,37.4636,-122.4286,63.19,64,0,3.44,US,2022-02-05 19:22:58
56,Norman Wells,65.282,-126.8329,-7.58,91,99,6.85,CA,2022-02-05 19:20:29
57,Ushuaia,-54.8,-68.3,64.02,55,75,24.16,AR,2022-02-05 19:31:32
58,Monitos,8.25,-76.05,92.88,58,9,14.23,CO,2022-02-05 19:31:32
59,San Cristobal,7.7669,-72.225,75.38,77,98,2.42,VE,2022-02-05 19:30:13
60,Aswan,24.0934,32.907,55.17,44,0,10.98,EG,2022-02-05 19:24:36
61,Fortuna,40.5982,-124.1573,58.93,69,0,1.01,US,2022-02-05 19:31:33
62,Dikson,73.5069,80.5464,-18.53,100,100,3.22,RU,2022-02-05 19:31:33
63,Karaton,-6.3424,106.1045,75.36,98,97,6.31,ID,2022-02-05 19:31:34
64,Souillac,-20.5167,57.5167,80.37,89,75,21.85,MU,2022-02-05 19:23:28
65,Balakhninskiy,58.0106,114.2769,-8.0,100,99,2.53,RU,2022-02-05 19:31:34
66,Puerto Ayora,-0.7393,-90.3518,82.36,85,86,5.01,EC,2022-02-05 19:23:22
67,Atuona,-9.8,-139.0333,78.96,76,6,22.3,PF,2022-02-05 19:31:35
68,Hilo,19.7297,-155.09,77.11,75,0,0.0,US,2022-02-05 19:28:59
69,Bintulu,3.1667,113.0333,77.41,94,20,3.0,MY,2022-02-05 19:31:35
70,High Prairie,55.4334,-116.4858,29.97,84,100,9.15,CA,2022-02-05 19:31:35
71,Kavieng,-2.5744,150.7967,81.14,78,38,6.06,PG,2022-02-05 19:31:36
72,Amga,60.8953,131.9608,-18.27,99,100,1.74,RU,2022-02-05 19:31:36
73,Ancud,-41.8697,-73.8203,74.23,59,16,7.16,CL,2022-02-05 19:25:55
74,Port Alfred,-33.5906,26.891,70.48,83,93,25.52,ZA,2022-02-05 19:31:37
75,Saint-Joseph,-21.3667,55.6167,80.98,83,100,16.91,RE,2022-02-05 19:31:37
76,Outjo,-20.1167,16.15,66.92,81,100,8.3,NA,2022-02-05 19:31:37
77,Nikolskoye,59.7035,30.7861,24.87,95,100,9.04,RU,2022-02-05 19:31:38
78,Sayyan,15.1718,44.3244,57.87,65,93,1.66,YE,2022-02-05 19:27:13
79,Bucak,37.4592,30.595,37.51,58,0,3.65,TR,2022-02-05 19:31:38
80,Mahon,39.8885,4.2658,50.56,87,20,5.75,ES,2022-02-05 19:31:39
81,Margate,51.3813,1.3862,49.96,75,100,10.0,GB,2022-02-05 19:31:39
82,Madang,-5.2246,145.7966,75.51,92,97,5.93,PG,2022-02-05 19:25:57
83,Nouadhibou,20.931,-17.0347,67.98,88,0,18.41,MR,2022-02-05 19:31:40
84,Upernavik,72.7868,-56.1549,-2.02,99,100,4.5,GL,2022-02-05 19:31:41
85,George Town,5.4112,100.3354,80.89,84,20,0.0,MY,2022-02-05 19:30:25
86,Piacabucu,-10.4056,-36.4344,81.84,67,100,12.57,BR,2022-02-05 19:31:41
87,Tuktoyaktuk,69.4541,-133.0374,-32.8,68,20,10.36,CA,2022-02-05 19:32:42
88,Clyde River,70.4692,-68.5914,-27.17,75,40,10.36,CA,2022-02-05 19:28:28
89,Portland,45.5234,-122.6762,50.83,80,75,1.99,US,2022-02-05 19:32:42
90,Zhuhai,22.2769,113.5678,60.06,77,40,12.66,CN,2022-02-05 19:32:42
91,Yeppoon,-23.1333,150.7333,73.18,70,50,18.3,AU,2022-02-05 19:32:43
92,Ayan,56.45,138.1667,-8.07,76,36,13.94,RU,2022-02-05 19:32:43
93,Fairbanks,64.8378,-147.7164,3.6,79,100,0.0,US,2022-02-05 19:27:50
94,Pacific Grove,36.6177,-121.9166,65.39,49,0,4.0,US,2022-02-05 19:32:43
95,Teahupoo,-17.8333,-149.2667,76.96,72,31,19.93,PF,2022-02-05 19:32:44
96,Vao,-22.6667,167.4833,79.9,87,48,9.13,NC,2022-02-05 19:32:44
97,Summerside,46.3959,-63.7876,20.68,90,100,20.98,CA,2022-02-05 19:32:44
98,Port Lincoln,-34.7333,135.8667,68.09,75,99,16.55,AU,2022-02-05 19:30:23
99,Kloulklubed,7.0419,134.2556,81.1,80,95,22.39,PW,2022-02-05 19:32:45
100,Luderitz,-26.6481,15.1594,68.09,78,97,3.49,NA,2022-02-05 19:32:45
101,Lerwick,60.1545,-1.1494,37.4,59,94,36.8,GB,2022-02-05 19:32:46
102,Ponta Do Sol,32.6667,-17.1,68.13,50,1,11.07,PT,2022-02-05 19:32:46
103,Manggar,-2.8833,108.2667,77.7,87,100,7.83,ID,2022-02-05 19:32:46
104,La Asuncion,11.0333,-63.8628,73.13,88,4,12.66,VE,2022-02-05 19:32:47
105,Kupang,-10.1667,123.5833,78.98,85,59,10.02,ID,2022-02-05 19:32:47
106,Dingle,10.9995,122.6711,74.71,83,88,11.16,PH,2022-02-05 19:27:04
107,Inhambane,-23.865,35.3833,78.78,83,40,6.91,MZ,2022-02-05 19:24:46
108,Ballina,-28.8667,153.5667,71.56,76,75,16.11,AU,2022-02-05 19:32:48
109,Jablah,35.3614,35.9256,48.49,81,40,4.61,SY,2022-02-05 19:32:48
110,Bengkulu,-3.8004,102.2655,73.27,96,100,8.72,ID,2022-02-05 19:32:48
111,Lgov,51.6307,35.2775,18.95,96,100,12.44,RU,2022-02-05 19:32:49
112,Veinticinco De Mayo,-35.4323,-60.1727,69.06,86,91,13.0,AR,2022-02-05 19:32:49
113,Great Bend,38.3645,-98.7648,53.65,38,0,19.57,US,2022-02-05 19:31:23
114,Honningsvag,70.9821,25.9704,29.25,71,20,31.38,NO,2022-02-05 19:32:50
115,Kalmunai,7.4167,81.8167,75.16,78,68,6.69,LK,2022-02-05 19:23:30
116,Conceicao Do Mato Dentro,-19.0372,-43.425,72.37,90,96,1.28,BR,2022-02-05 19:32:50
117,Hithadhoo,-0.6,73.0833,81.95,74,100,12.08,MV,2022-02-05 19:32:50
118,Bereznik,62.8551,42.7072,1.54,96,67,6.71,RU,2022-02-05 19:32:51
119,Cayenne,4.9333,-52.3333,84.24,81,75,5.01,GF,2022-02-05 19:32:51
120,Plettenberg Bay,-34.0527,23.3716,68.32,85,29,12.8,ZA,2022-02-05 19:32:51
121,Baruun-Urt,46.6806,113.2792,-1.43,90,12,6.53,MN,2022-02-05 19:23:29
122,Kuching,1.55,110.3333,77.22,94,20,2.3,MY,2022-02-05 19:32:07
123,Jalu,29.0331,21.5482,56.89,47,0,3.47,LY,2022-02-05 19:32:52
124,Huntsville,34.7304,-86.5861,41.14,50,0,3.0,US,2022-02-05 19:25:46
125,Mar Del Plata,-38.0023,-57.5575,64.09,97,100,1.01,AR,2022-02-05 19:23:27
126,Sarangarh,21.6,83.0833,58.84,27,53,2.77,IN,2022-02-05 19:32:52
127,Nome,64.5011,-165.4064,-0.33,60,0,3.44,US,2022-02-05 19:28:42
128,Basco,20.4487,121.9702,71.51,77,45,26.26,PH,2022-02-05 19:32:53
129,Tuatapere,-46.1333,167.6833,51.82,83,100,3.53,NZ,2022-02-05 19:32:53
130,Monrovia,6.3005,-10.7969,82.17,83,9,9.48,LR,2022-02-05 19:30:23
131,Cidreira,-30.1811,-50.2056,73.99,94,100,8.93,BR,2022-02-05 19:24:37
132,Manakara,-22.1333,48.0167,77.7,93,100,42.61,MG,2022-02-05 19:33:54
133,Pozo Colorado,-23.4923,-58.7972,72.95,94,100,4.27,PY,2022-02-05 19:33:54
134,Saskylakh,71.9167,114.0833,-26.48,100,98,3.09,RU,2022-02-05 19:33:54
135,Muros,42.7762,-9.0603,52.09,73,0,14.14,ES,2022-02-05 19:33:55
136,Krasnoselkup,65.7,82.4667,-12.87,100,90,6.22,RU,2022-02-05 19:33:55
137,Palembang,-2.9167,104.7458,77.09,94,75,9.22,ID,2022-02-05 19:31:39
138,Esperance,-33.8667,121.9,64.24,70,5,17.27,AU,2022-02-05 19:33:56
139,Chuy,-33.6971,-53.4616,72.1,79,82,4.18,UY,2022-02-05 19:33:56
140,Puke,42.0444,19.8997,33.89,93,100,6.4,AL,2022-02-05 19:33:57
141,Ribeira Grande,38.5167,-28.7,59.4,88,75,14.97,PT,2022-02-05 19:33:57
142,Whitehorse,60.7161,-135.0538,22.1,87,75,17.27,CA,2022-02-05 19:31:44
143,Alyth,56.6221,-3.2301,39.94,85,92,3.0,GB,2022-02-05 19:33:57
144,Birao,10.2849,22.7882,72.97,16,73,8.1,CF,2022-02-05 19:33:58
145,Hobart,-42.8794,147.3294,57.06,81,40,0.0,AU,2022-02-05 19:29:54
146,Mana,5.6592,-53.7767,80.02,79,32,10.56,GF,2022-02-05 19:33:58
147,Faanui,-16.4833,-151.75,81.09,72,12,18.68,PF,2022-02-05 19:22:55
148,Konya,38.1667,32.5,22.48,77,3,3.09,TR,2022-02-05 19:33:59
149,Bubaque,11.2833,-15.8333,78.4,66,3,13.85,GW,2022-02-05 19:33:59
150,Kurumkan,54.3,110.3,-4.59,96,100,3.2,RU,2022-02-05 19:25:56
151,Balad,34.0164,44.1453,54.1,53,34,5.77,IQ,2022-02-05 19:34:00
152,Broome,42.2506,-75.833,18.99,66,0,3.0,US,2022-02-05 19:34:00
153,Pitimbu,-7.4706,-34.8086,86.59,64,19,10.42,BR,2022-02-05 19:34:00
154,Saldanha,-33.0117,17.9442,78.85,75,9,6.15,ZA,2022-02-05 19:34:01
155,Ust-Tsilma,65.441,52.1498,-8.59,100,97,3.6,RU,2022-02-05 19:34:01
156,Mehamn,71.0357,27.8492,22.44,84,8,24.16,NO,2022-02-05 19:34:01
157,Haines Junction,60.7522,-137.5108,22.95,74,100,5.75,CA,2022-02-05 19:34:01
158,Menongue,-14.6585,17.691,60.12,97,100,3.44,AO,2022-02-05 19:34:02
159,Aklavik,68.2191,-135.0107,-31.97,66,40,3.44,CA,2022-02-05 19:34:02
160,Tasiilaq,65.6145,-37.6368,23.16,57,99,9.55,GL,2022-02-05 19:34:03
161,Khilok,51.3674,110.4676,-3.77,97,86,3.58,RU,2022-02-05 19:34:03
162,Wanaka,-44.7,169.15,52.11,73,23,1.01,NZ,2022-02-05 19:34:03
163,Port Moresby,-9.4431,147.1797,74.62,94,40,11.5,PG,2022-02-05 19:34:04
164,Provideniya,64.3833,-173.3,-6.21,86,2,10.54,RU,2022-02-05 19:34:04
165,Kinablangan,7.6947,126.5503,77.07,85,37,6.24,PH,2022-02-05 19:34:04
166,Roebourne,-20.7833,117.1333,83.84,74,100,6.8,AU,2022-02-05 19:34:05
167,Muleba,-1.8397,31.6544,67.06,80,100,7.34,TZ,2022-02-05 19:34:05
168,Cedar City,37.6775,-113.0619,41.4,33,0,8.05,US,2022-02-05 19:34:05
169,Constitucion,-35.3333,-72.4167,70.38,56,3,18.21,CL,2022-02-05 19:34:06
170,Prince Rupert,54.3161,-130.3201,44.69,65,0,12.66,CA,2022-02-05 19:34:06
171,Samut Sakhon,13.5833,100.3,82.06,68,47,3.58,TH,2022-02-05 19:34:06
172,Castro,-24.7911,-50.0119,72.97,89,36,7.49,BR,2022-02-05 19:34:07
173,Ugoofaaru,5.6667,73.0,80.6,71,15,8.01,MV,2022-02-05 19:34:07
174,Mongo,12.1844,18.693,72.77,18,2,7.92,TD,2022-02-05 19:34:08
175,Tezu,27.9167,96.1667,54.16,96,100,1.95,IN,2022-02-05 19:34:08
176,Talnakh,69.4865,88.3972,-18.26,100,100,2.95,RU,2022-02-05 19:34:08
177,Opuwo,-18.0607,13.84,72.23,45,97,5.37,NA,2022-02-05 19:35:09
178,Miramar,25.9873,-80.2323,82.0,66,75,8.05,US,2022-02-05 19:33:18
179,Gambela,8.25,34.5833,83.89,23,95,2.33,ET,2022-02-05 19:35:09
180,Ilulissat,69.2167,-51.1,5.02,51,75,13.8,GL,2022-02-05 19:35:09
181,Pringsewu,-5.3582,104.9744,73.11,97,100,2.82,ID,2022-02-05 19:35:10
182,Aykhal,66.0,111.5,-24.34,100,92,4.29,RU,2022-02-05 19:35:10
183,Taoudenni,22.6783,-3.9836,72.59,9,97,8.88,ML,2022-02-05 19:35:10
184,San Patricio,28.017,-97.5169,52.21,28,0,4.63,US,2022-02-05 19:30:22
185,Kruisfontein,-34.0033,24.7314,67.89,84,30,17.43,ZA,2022-02-05 19:35:11
186,Oum Hadjer,13.2954,19.6966,73.2,15,0,11.18,TD,2022-02-05 19:27:14
187,Liberal,37.0431,-100.921,42.51,55,0,19.57,US,2022-02-05 19:35:11
188,Hauterive,46.0901,3.4459,39.96,89,13,1.05,FR,2022-02-05 19:35:12
189,Codrington,-38.2667,141.9667,55.38,89,55,8.95,AU,2022-02-05 19:35:12
190,Kirovskiy,45.0917,133.5136,-4.05,99,100,3.06,RU,2022-02-05 19:35:12
191,El Alto,-4.2714,-81.2147,82.06,68,28,12.5,PE,2022-02-05 19:35:13
192,Torbay,47.6666,-52.7314,49.75,94,100,24.16,CA,2022-02-05 19:35:13
193,The Valley,18.217,-63.0578,80.46,83,75,13.8,AI,2022-02-05 19:27:11
194,Lubao,14.9167,120.55,78.82,74,100,14.52,PH,2022-02-05 19:35:13
195,Turukhansk,65.8167,87.9833,-15.18,100,63,2.06,RU,2022-02-05 19:35:14
196,Lompoc,34.6391,-120.4579,71.19,36,0,0.0,US,2022-02-05 19:35:14
197,Sao Filipe,14.8961,-24.4956,74.1,67,0,10.33,CV,2022-02-05 19:35:14
198,Salinopolis,-0.6136,-47.3561,79.03,84,100,11.65,BR,2022-02-05 19:35:15
199,Necochea,-38.5473,-58.7368,64.04,71,100,21.65,AR,2022-02-05 19:35:15
200,Tripoli,32.8752,13.1875,61.34,48,62,3.04,LY,2022-02-05 19:35:37
201,Brokopondo,4.75,-55.1667,80.37,81,30,8.32,SR,2022-02-05 19:35:37
202,Souris,49.6172,-100.2612,8.74,89,99,3.78,CA,2022-02-05 19:35:37
203,Adrar,20.5022,-10.0711,71.1,7,0,9.08,MR,2022-02-05 19:35:38
204,Letlhakane,-21.4167,25.5833,76.6,51,89,13.02,BW,2022-02-05 19:35:38
205,Kodiak,57.79,-152.4072,33.31,86,100,0.0,US,2022-02-05 19:35:30
206,Mahebourg,-20.4081,57.7,80.26,89,75,21.85,MU,2022-02-05 19:35:38
207,Nanortalik,60.1432,-45.2371,10.83,61,52,18.21,GL,2022-02-05 19:35:39
208,Nemuro,43.3236,145.575,23.18,73,99,17.72,JP,2022-02-05 19:35:39
209,Saint-Leu,-21.15,55.2833,81.46,84,100,7.85,RE,2022-02-05 19:35:39
210,Kijini,-5.85,39.3167,78.53,78,100,9.93,TZ,2022-02-05 19:35:40
211,Kayerkan,69.3497,87.7602,-17.59,100,97,1.41,RU,2022-02-05 19:35:40
212,Puerto Escondido,15.85,-97.0667,84.07,52,0,9.01,MX,2022-02-05 19:35:40
213,Tomatlan,19.9333,-105.25,86.92,33,9,9.19,MX,2022-02-05 19:27:02
214,Tilichiki,60.4667,166.1,-4.67,83,21,7.74,RU,2022-02-05 19:35:41
215,Nerja,36.7585,-3.8873,61.81,85,99,2.01,ES,2022-02-05 19:35:41
216,Caravelas,-17.7125,-39.2481,77.47,80,100,9.19,BR,2022-02-05 19:35:42
217,Riberalta,-10.9833,-66.1,89.8,58,75,9.22,BO,2022-02-05 19:35:42
218,Mahanje,-9.9333,35.3333,66.13,91,99,2.77,TZ,2022-02-05 19:35:42
219,Vallenar,-28.5708,-70.7581,87.13,25,0,12.24,CL,2022-02-05 19:35:43
220,Matara,5.9485,80.5353,72.99,90,9,6.87,LK,2022-02-05 19:30:48
221,Chihuahua,28.5,-106.0,45.43,21,0,8.5,MX,2022-02-05 19:34:29
222,Teluk Nibung,3.001,99.8164,75.58,91,100,4.43,ID,2022-02-05 19:36:43
223,Dromolaxia,34.8761,33.586,56.98,81,0,4.61,CY,2022-02-05 19:36:44
224,Gari,59.4307,62.3497,17.47,98,100,5.32,RU,2022-02-05 19:36:44
225,Pundaguitan,6.3711,126.1689,80.11,78,74,20.38,PH,2022-02-05 19:36:44
226,Touba,8.2833,-7.6833,80.29,15,10,3.13,CI,2022-02-05 19:36:45
227,San Jose,37.3394,-121.895,64.26,55,100,0.0,US,2022-02-05 19:32:28
228,Beloha,-25.1667,45.05,75.42,83,100,19.84,MG,2022-02-05 19:36:45
229,Bambous Virieux,-20.3428,57.7575,80.22,89,75,21.85,MU,2022-02-05 19:36:45
230,Aqtobe,50.2797,57.2072,21.29,79,75,8.95,KZ,2022-02-05 19:36:46
231,Lazaro Cardenas,17.9583,-102.2,82.81,53,0,9.73,MX,2022-02-05 19:36:46
232,Hofn,64.2539,-15.2082,27.32,57,100,10.78,IS,2022-02-05 19:36:46
233,Mansa,29.9833,75.3833,47.46,88,17,4.99,IN,2022-02-05 19:36:47
234,Hovd,48.0056,91.6419,-13.09,81,17,3.02,MN,2022-02-05 19:36:47
235,Vardo,70.3705,31.1107,26.74,79,100,27.96,NO,2022-02-05 19:36:47
236,Beihai,21.4833,109.1,62.11,82,100,12.73,CN,2022-02-05 19:36:48
237,Longyearbyen,78.2186,15.6401,10.24,56,20,21.85,SJ,2022-02-05 19:36:48
238,Boyolangu,-8.1181,111.8935,74.8,86,38,1.43,ID,2022-02-05 19:36:48
239,Staryy Nadym,65.6118,72.6842,-18.15,100,100,1.07,RU,2022-02-05 19:36:49
240,Saint-Augustin,51.226,-58.6502,4.78,94,100,17.16,CA,2022-02-05 19:36:49
241,Warangal,18.0,79.5833,64.67,31,13,6.17,IN,2022-02-05 19:36:49
242,Moerai,-22.4333,-151.3333,79.66,75,100,14.72,PF,2022-02-05 19:36:50
243,Banda Aceh,5.5577,95.3222,78.69,78,96,4.29,ID,2022-02-05 19:35:39
244,Ketchikan,55.3422,-131.6461,44.58,87,100,13.8,US,2022-02-05 19:35:20
245,Sungairaya,0.7,108.9,76.77,92,96,6.87,ID,2022-02-05 19:36:50
246,Zhigansk,66.7697,123.3711,-28.44,99,100,5.86,RU,2022-02-05 19:36:51
247,Severo-Kurilsk,50.6789,156.125,28.09,92,100,4.45,RU,2022-02-05 19:36:51
248,Shenandoah,30.4013,-91.0009,51.94,43,0,1.99,US,2022-02-05 19:35:03
249,Hamilton,39.1834,-84.5333,27.05,71,0,1.01,US,2022-02-05 19:33:18
250,Rawah,34.4816,41.9093,50.9,45,6,6.55,IQ,2022-02-05 19:36:52
251,Griffith,41.5284,-87.4237,22.03,63,0,4.0,US,2022-02-05 19:33:28
252,Campbellton,48.0075,-66.6727,12.65,82,100,11.14,CA,2022-02-05 19:36:52
253,Moranbah,-22.0016,148.0466,68.29,76,3,13.44,AU,2022-02-05 19:36:52
254,Leningradskiy,69.3833,178.4167,-22.18,96,8,4.16,RU,2022-02-05 19:36:53
255,Tortoli,39.9256,9.6572,53.42,87,0,2.3,IT,2022-02-05 19:36:53
256,Tahoua,14.8888,5.2692,67.82,13,0,11.7,NE,2022-02-05 19:36:53
257,Chokurdakh,70.6333,147.9167,-30.41,100,100,1.99,RU,2022-02-05 19:36:54
258,La Palma,33.8464,-118.0467,75.16,17,20,1.01,US,2022-02-05 19:36:54
259,Raychikhinsk,49.7838,129.4121,-21.26,100,98,4.07,RU,2022-02-05 19:36:54
260,Kiama,-34.6833,150.8667,69.58,79,96,1.99,AU,2022-02-05 19:36:55
261,Riyadh,24.6877,46.7219,55.54,31,0,10.33,SA,2022-02-05 19:33:03
262,Tura,25.5198,90.2201,49.39,92,0,1.92,IN,2022-02-05 19:36:55
263,Talara,-4.5772,-81.2719,84.96,51,0,18.41,PE,2022-02-05 19:32:25
264,Katsuura,35.1333,140.3,37.42,55,10,11.86,JP,2022-02-05 19:36:56
265,Kununurra,-15.7667,128.7333,78.78,94,100,0.0,AU,2022-02-05 19:36:56
266,Avarua,-21.2078,-159.775,80.65,78,100,14.97,CK,2022-02-05 19:33:09
267,Okhotsk,59.3833,143.3,-9.69,70,0,11.65,RU,2022-02-05 19:36:56
268,Susangerd,31.5608,48.1831,57.22,45,1,6.87,IR,2022-02-05 19:37:57
269,Sur,22.5667,59.5289,72.03,54,0,7.02,OM,2022-02-05 19:37:57
270,Amberley,39.2048,-84.428,26.38,69,0,1.99,US,2022-02-05 19:37:57
271,Vila Franca Do Campo,37.7167,-25.4333,62.2,76,78,11.61,PT,2022-02-05 19:37:58
272,Male,4.1748,73.5089,82.35,78,75,4.61,MV,2022-02-05 19:37:58
273,Cordele,31.9635,-83.7824,54.1,34,0,9.22,US,2022-02-05 19:33:39
274,Beitbridge,-22.2167,30.0,76.41,60,5,21.68,ZW,2022-02-05 19:37:58
275,Naze,28.3667,129.4833,50.72,70,100,17.65,JP,2022-02-05 19:37:59
276,Polysayevo,54.6012,86.2459,3.69,96,100,3.09,RU,2022-02-05 19:37:59
277,Komsomolskiy,40.4272,71.7189,42.22,51,100,6.91,UZ,2022-02-05 19:38:00
278,Puerto Cabezas,14.0351,-83.3888,85.96,74,40,11.5,NI,2022-02-05 19:38:00
279,Parabel,58.6978,81.4825,18.66,93,100,5.5,RU,2022-02-05 19:38:00
280,Burayevo,55.8407,55.4083,18.34,92,100,2.24,RU,2022-02-05 19:38:01
281,Ponta Delgada,37.7333,-25.6667,62.51,82,20,13.8,PT,2022-02-05 19:38:01
282,Portree,57.4129,-6.1942,42.85,90,99,23.13,GB,2022-02-05 19:38:01
283,San-Pedro,4.7485,-6.6363,80.42,82,9,8.32,CI,2022-02-05 19:38:02
284,Mount Pleasant,32.7941,-79.8626,55.99,40,0,7.0,US,2022-02-05 19:38:02
285,Assiniboia,49.6334,-105.9845,31.82,74,100,23.02,CA,2022-02-05 19:34:31
286,Alugan,12.2188,125.4808,79.05,75,98,15.57,PH,2022-02-05 19:38:02
287,Saint-Philippe,-21.3585,55.7679,81.99,86,100,20.85,RE,2022-02-05 19:38:03
288,Galle,6.0367,80.217,76.59,80,53,1.63,LK,2022-02-05 19:38:03
289,Paciran,-6.8767,112.3761,78.03,86,97,11.21,ID,2022-02-05 19:38:03
290,Jeremie,18.65,-74.1167,79.97,48,5,7.54,HT,2022-02-05 19:38:04
291,Thompson,55.7435,-97.8558,-12.84,70,75,2.3,CA,2022-02-05 19:38:04
292,Fort Nelson,58.8053,-122.7002,-2.61,71,75,4.61,CA,2022-02-05 19:38:04
293,New Amsterdam,6.25,-57.5167,80.01,76,99,7.02,GY,2022-02-05 19:38:05
294,Prieska,-29.6641,22.7474,82.18,27,9,6.08,ZA,2022-02-05 19:38:05
295,Kaitangata,-46.2817,169.8464,48.83,82,90,5.5,NZ,2022-02-05 19:36:35
296,Mao,39.8885,4.2658,50.56,87,20,5.75,ES,2022-02-05 19:38:06
297,Port Macquarie,-31.4333,152.9167,62.56,74,93,14.32,AU,2022-02-05 19:38:06
298,Camacha,33.0833,-16.3333,63.54,82,20,19.57,PT,2022-02-05 19:38:06
299,Boa Vista,2.8197,-60.6733,89.58,48,40,12.66,BR,2022-02-05 19:38:06
300,Honiara,-9.4333,159.95,79.86,86,78,1.7,SB,2022-02-05 19:38:07
301,Yerofey Pavlovich,53.9667,121.9667,-7.83,95,98,3.78,RU,2022-02-05 19:38:07
302,Aitape,-3.1374,142.3475,77.85,88,84,5.97,PG,2022-02-05 19:38:08
303,Sorland,67.667,12.6934,39.36,74,100,28.92,NO,2022-02-05 19:38:08
304,La Ronge,55.1001,-105.2842,-9.15,64,40,6.91,CA,2022-02-05 19:38:08
305,Flinders,-34.5833,150.8552,69.39,83,91,5.99,AU,2022-02-05 19:38:09
306,Kovdor,67.5662,30.4758,17.94,88,100,8.99,RU,2022-02-05 19:38:09
307,Kyra,49.5776,111.9753,-3.68,95,30,4.36,RU,2022-02-05 19:38:09
308,Port Hedland,-20.3167,118.5667,84.25,84,75,4.61,AU,2022-02-05 19:38:10
309,Yarada,17.65,83.2667,70.12,83,20,2.3,IN,2022-02-05 19:38:10
310,Kalabo,-14.97,22.6814,68.2,94,99,3.98,ZM,2022-02-05 19:34:13
311,Morondava,-20.2833,44.2833,79.48,81,100,13.2,MG,2022-02-05 19:38:11
312,Chinhoyi,-17.3667,30.2,65.61,93,100,7.9,ZW,2022-02-05 19:38:11
313,Kihei,20.785,-156.4656,78.96,75,20,6.91,US,2022-02-05 19:38:11
314,Tecoanapa,16.5167,-98.75,83.32,50,1,9.13,MX,2022-02-05 19:38:12
315,Nelson Bay,-32.7167,152.15,71.01,68,92,4.0,AU,2022-02-05 19:35:04
316,Cherskiy,68.75,161.3,-32.82,96,12,1.23,RU,2022-02-05 19:39:12
317,Puntarenas,9.9763,-84.8384,93.13,33,4,3.22,CR,2022-02-05 19:39:12
318,Voi,-3.3945,38.563,76.35,76,100,1.74,KE,2022-02-05 19:39:13
319,Olafsvik,64.8945,-23.7142,30.07,80,100,23.78,IS,2022-02-05 19:39:13
320,Metkovic,43.0542,17.6483,43.27,85,23,4.21,HR,2022-02-05 19:39:14
321,Erenhot,43.6475,111.9767,3.22,89,5,7.85,CN,2022-02-05 19:39:14
322,Omboue,-1.5746,9.2618,77.32,86,29,7.05,GA,2022-02-05 19:39:14
323,Wanning,18.8003,110.3967,65.1,85,84,8.55,CN,2022-02-05 19:39:15
324,Canutama,-6.5339,-64.3831,83.1,67,99,4.34,BR,2022-02-05 19:39:15
325,San Nicolas,18.1725,120.5953,73.04,79,67,10.67,PH,2022-02-05 19:39:15
326,Sioux Lookout,50.1001,-91.917,7.18,72,100,10.36,CA,2022-02-05 19:39:16
327,Sangmelima,2.9333,11.9833,71.92,29,25,1.41,CM,2022-02-05 19:39:16
328,Mmathubudukwane,-24.6,26.4333,72.46,66,11,4.05,BW,2022-02-05 19:39:16
329,Takayama,36.1333,137.25,24.96,97,100,1.88,JP,2022-02-05 19:39:17
330,Dabat,12.9842,37.765,52.79,70,14,5.23,ET,2022-02-05 19:39:17
331,Narsaq,60.9167,-46.05,3.42,74,3,6.67,GL,2022-02-05 19:39:17
332,Funadhoo,6.15,73.2667,80.35,71,8,8.28,MV,2022-02-05 19:39:18
333,Sekondi,4.937,-1.7128,80.6,83,16,9.19,GH,2022-02-05 19:39:18
334,Hambantota,6.1241,81.1185,73.78,85,42,13.04,LK,2022-02-05 19:39:18
335,Dutse,11.7594,9.3392,67.5,20,0,9.26,NG,2022-02-05 19:39:19
336,Los Llanos De Aridane,28.6585,-17.9182,64.15,87,0,12.66,ES,2022-02-05 19:39:19
337,Santarem,-2.4431,-54.7083,80.73,89,75,10.36,BR,2022-02-05 19:38:37
338,Hisor,38.525,68.5512,49.75,83,100,6.13,TJ,2022-02-05 19:39:20
339,Kavaratti,10.5669,72.642,78.48,62,20,9.17,IN,2022-02-05 19:39:20
340,Vila Velha,-20.3297,-40.2925,82.35,83,40,11.99,BR,2022-02-05 19:39:20
341,Srednekolymsk,67.45,153.6833,-39.78,99,38,3.67,RU,2022-02-05 19:39:21
342,Kieta,-6.2167,155.6333,80.02,83,83,6.67,PG,2022-02-05 19:39:03
343,Arraial Do Cabo,-22.9661,-42.0278,85.96,70,0,12.66,BR,2022-02-05 19:39:13
344,Tara,56.8944,74.371,13.59,86,100,7.07,RU,2022-02-05 19:39:21
345,Road Town,18.4167,-64.6167,73.49,100,97,11.5,VG,2022-02-05 19:38:37
346,Boende,-0.2167,20.8667,78.28,56,31,2.26,CD,2022-02-05 19:39:22
347,Mayumba,-3.432,10.6554,76.98,87,7,4.07,GA,2022-02-05 19:39:22
348,Sept-Iles,50.2001,-66.3821,13.05,46,40,1.01,CA,2022-02-05 19:39:22
349,Ambulu,-8.345,113.6058,75.81,89,90,2.06,ID,2022-02-05 19:35:29
350,Sydney,-33.8679,151.2073,70.72,67,20,5.99,AU,2022-02-05 19:37:10
351,Te Anau,-45.4167,167.7167,47.88,76,14,2.26,NZ,2022-02-05 19:39:23
352,Pitsunda,43.1592,40.3378,33.98,70,95,5.08,GE,2022-02-05 19:39:23
353,Zima,53.9202,102.0442,18.39,92,100,4.25,RU,2022-02-05 19:39:23
354,Porto Novo,6.4965,2.6036,82.22,82,0,6.8,BJ,2022-02-05 19:39:24
355,Mersing,2.4312,103.8405,80.51,83,100,13.8,MY,2022-02-05 19:39:24
356,Hasaki,35.7333,140.8333,25.2,37,5,8.19,JP,2022-02-05 19:39:24
357,Romny,50.751,33.4747,27.63,97,100,12.91,UA,2022-02-05 19:39:25
358,La Seyne-Sur-Mer,43.0982,5.8847,49.86,73,26,6.93,FR,2022-02-05 19:39:25
359,Ostrovnoy,68.0531,39.5131,16.38,82,100,31.56,RU,2022-02-05 19:39:25
360,Casas Grandes,30.3667,-107.95,46.13,21,0,3.96,MX,2022-02-05 19:39:26
361,Laguna,38.421,-121.4238,65.35,57,0,1.01,US,2022-02-05 19:39:26
362,Aasiaat,68.7098,-52.8699,-6.77,84,99,7.14,GL,2022-02-05 19:39:26
363,Chunoyar,57.4467,97.3217,20.23,93,100,9.66,RU,2022-02-05 19:40:27
364,Coihaique,-45.5752,-72.0662,70.41,46,75,8.05,CL,2022-02-05 19:36:00
365,Khatanga,71.9667,102.5,-31.04,99,99,2.86,RU,2022-02-05 19:40:27
366,Claresholm,50.0333,-113.5852,46.31,31,87,23.02,CA,2022-02-05 19:40:27
367,Ahipara,-35.1667,173.1667,71.82,97,98,5.35,NZ,2022-02-05 19:40:28
368,Muswellbrook,-32.2667,150.9,56.25,96,30,4.45,AU,2022-02-05 19:40:28
369,Gurlan,41.8447,60.3919,42.87,91,100,12.73,UZ,2022-02-05 19:40:29
370,Krasnogorsk,55.8225,37.3181,14.25,85,0,6.71,RU,2022-02-05 19:40:29
371,Gayny,60.3071,54.3241,9.9,98,91,4.74,RU,2022-02-05 19:40:29
372,Slave Lake,55.2834,-114.769,17.58,86,100,8.05,CA,2022-02-05 19:37:47
373,Sidi Ali,36.0998,0.4206,52.99,77,100,3.83,DZ,2022-02-05 19:40:30
374,Darhan,49.4867,105.9228,-2.74,92,100,6.17,MN,2022-02-05 19:40:30
375,Iqaluit,63.7506,-68.5145,-25.87,62,75,0.0,CA,2022-02-05 19:39:16
376,Cabatuan,10.8794,122.486,74.01,85,98,13.85,PH,2022-02-05 19:40:31
377,East London,-33.0153,27.9116,69.73,86,100,17.87,ZA,2022-02-05 19:36:55
378,Chumikan,54.7183,135.315,-1.91,78,100,12.55,RU,2022-02-05 19:40:31
379,Shubarkuduk,49.1447,56.4872,25.75,96,100,5.01,KZ,2022-02-05 19:40:31
380,Indramayu,-6.3264,108.32,78.01,86,100,10.89,ID,2022-02-05 19:40:32
381,Yumen,40.2833,97.2,15.44,38,100,13.27,CN,2022-02-05 19:40:32
382,Nautla,20.2167,-96.7833,56.07,51,99,13.42,MX,2022-02-05 19:40:33
383,Ambilobe,-13.2,49.05,73.63,94,98,4.76,MG,2022-02-05 19:39:13
384,Giporlos,11.12,125.4494,78.06,80,58,14.58,PH,2022-02-05 19:40:33
385,Richards Bay,-28.783,32.0377,72.79,83,100,9.37,ZA,2022-02-05 19:40:34
386,Pinega,64.7001,43.3936,6.48,91,100,9.57,RU,2022-02-05 19:40:34
387,Batagay-Alyta,67.8006,130.4114,-25.69,99,95,3.38,RU,2022-02-05 19:40:34
388,Tukrah,32.5341,20.5791,54.63,75,3,14.9,LY,2022-02-05 19:40:35
389,Geraldton,-28.7667,114.6,73.81,94,100,5.75,AU,2022-02-05 19:40:35
390,Kirakira,-10.4544,161.9205,81.84,83,97,4.81,SB,2022-02-05 19:40:35
391,Port Hardy,50.6996,-127.4199,44.76,87,75,4.61,CA,2022-02-05 19:40:36
392,Mount Gambier,-37.8333,140.7667,58.91,82,75,6.91,AU,2022-02-05 19:40:36
393,Harseni,45.75,25.0167,37.9,85,71,13.31,RO,2022-02-05 19:40:37
394,Tarauaca,-8.1614,-70.7656,85.93,57,87,5.77,BR,2022-02-05 19:40:37
395,Shirokiy,49.758,129.523,-21.8,100,96,3.83,RU,2022-02-05 19:40:37
396,Elat,29.5581,34.9482,57.04,44,75,0.0,IL,2022-02-05 19:38:53
397,Ambon,-3.6954,128.1814,80.31,79,100,6.42,ID,2022-02-05 19:40:38
398,Salalah,17.0151,54.0924,75.29,73,75,4.61,OM,2022-02-05 19:40:38
399,Buenos Aires,-34.6132,-58.3772,74.79,61,40,9.22,AR,2022-02-05 19:36:52
400,Valparaiso,-33.0393,-71.6273,82.63,60,0,6.91,CL,2022-02-05 19:40:38
401,Antalaha,-14.9003,50.2788,77.27,79,100,4.34,MG,2022-02-05 19:40:39
402,Egvekinot,66.3167,-179.1667,-10.32,86,10,13.82,RU,2022-02-05 19:40:39
403,Carutapera,-1.195,-46.02,77.77,91,100,8.32,BR,2022-02-05 19:40:39
404,Ust-Nera,64.5667,143.2,-23.28,65,7,1.7,RU,2022-02-05 19:40:40
405,Pahrump,36.2083,-115.9839,57.76,22,34,1.01,US,2022-02-05 19:35:54
406,Faya,18.3851,42.4509,55.51,77,8,2.59,SA,2022-02-05 19:40:40
407,Aranos,-24.1333,19.1167,81.99,29,66,12.55,NA,2022-02-05 19:40:41
408,Saint Anthony,45.0205,-93.218,18.79,59,40,7.0,US,2022-02-05 19:40:32
409,Palana,59.1167,159.9667,3.07,86,100,7.67,RU,2022-02-05 19:41:41
410,Mazyr,52.0495,29.2456,32.79,87,100,14.81,BY,2022-02-05 19:41:41
411,Kamenka,51.3223,42.7678,3.88,98,83,6.96,RU,2022-02-05 19:41:42
412,Mananjary,-21.2167,48.3333,75.79,92,100,50.8,MG,2022-02-05 19:41:42
413,Altay,47.8667,88.1167,7.03,50,0,9.86,CN,2022-02-05 19:41:42
414,Melipilla,-33.7,-71.2167,92.73,43,0,11.34,CL,2022-02-05 19:41:43
415,Salina Cruz,16.1667,-95.2,76.48,45,0,30.8,MX,2022-02-05 19:41:43
416,Northam,51.0333,-4.2167,51.03,88,100,30.62,GB,2022-02-05 19:41:43
417,Sweetwater,25.7634,-80.3731,82.02,67,75,1.99,US,2022-02-05 19:41:44
418,Seoul,37.5683,126.9778,22.44,67,0,2.3,KR,2022-02-05 19:41:44
419,Constantine,36.365,6.6147,51.21,71,75,8.05,DZ,2022-02-05 19:38:50
420,Aurora,39.7294,-104.8319,51.12,29,75,27.63,US,2022-02-05 19:40:36
421,Axim,4.8699,-2.2405,80.33,82,10,10.65,GH,2022-02-05 19:41:45
422,San Quintin,30.4833,-115.95,63.61,26,0,7.83,MX,2022-02-05 19:41:45
423,Kaeo,-35.1,173.7833,73.33,98,86,6.93,NZ,2022-02-05 19:41:18
424,Biloela,-24.4167,150.5,65.44,71,0,15.08,AU,2022-02-05 19:41:46
425,Lundazi,-12.2929,33.1782,63.1,92,92,2.37,ZM,2022-02-05 19:41:46
426,Seymchan,62.8833,152.4333,-42.95,100,73,1.7,RU,2022-02-05 19:41:46
427,Gamba,-2.65,10.0,76.73,85,13,4.72,GA,2022-02-05 19:41:47
428,Araouane,18.9048,-3.5265,69.49,10,97,8.05,ML,2022-02-05 19:41:47
429,Narok,-1.0783,35.8601,60.82,83,100,1.39,KE,2022-02-05 19:41:48
430,Atar,20.5169,-13.0499,77.43,9,0,6.91,MR,2022-02-05 19:41:49
431,Bonavista,48.6499,-53.1147,37.11,99,100,5.32,CA,2022-02-05 19:41:49
432,Zilupe,56.3862,28.1217,32.25,91,100,10.29,LV,2022-02-05 19:41:49
433,Nantucket,41.2835,-70.0995,28.51,65,20,19.57,US,2022-02-05 19:41:50
434,Baft,29.234,56.6057,40.15,67,0,8.75,IR,2022-02-05 19:41:50
435,North Myrtle Beach,33.816,-78.68,53.13,44,0,10.36,US,2022-02-05 19:38:43
436,Dunedin,-45.8742,170.5036,56.8,72,46,3.0,NZ,2022-02-05 19:41:51
437,Isangel,-19.55,169.2667,80.71,94,100,14.97,VU,2022-02-05 19:41:51
438,Svetlogorsk,52.6333,29.7333,32.77,89,100,14.72,BY,2022-02-05 19:41:51
439,Hualmay,-11.0964,-77.6139,75.76,69,24,12.17,PE,2022-02-05 19:41:52
440,Oksfjord,70.2396,22.3479,29.32,90,67,18.14,NO,2022-02-05 19:41:52
441,Getulio Vargas,-32.6796,-53.5494,80.94,54,73,3.8,UY,2022-02-05 19:41:52
442,Auki,-8.7676,160.7034,79.77,86,77,5.23,SB,2022-02-05 19:41:53
443,Acapulco,16.8634,-99.8901,84.02,65,0,10.36,MX,2022-02-05 19:39:20
444,Novo Aripuana,-5.1206,-60.3797,84.52,72,69,2.21,BR,2022-02-05 19:41:53
445,Sovetskiy,61.3614,63.5842,15.57,94,99,7.34,RU,2022-02-05 19:39:04
446,Bilma,18.6853,12.9164,62.53,18,0,5.19,NE,2022-02-05 19:41:54
447,Napanee,44.2501,-76.9494,17.06,59,6,7.31,CA,2022-02-05 19:37:15
448,Mataruska Banja,43.6901,20.6109,35.55,100,75,1.14,RS,2022-02-05 19:41:54
449,Peniche,39.3558,-9.3811,55.62,79,0,16.02,PT,2022-02-05 19:41:54
450,Pereleshino,51.7376,40.1388,10.18,100,69,4.79,RU,2022-02-05 19:41:55
451,Makakilo City,21.3469,-158.0858,78.28,73,40,3.44,US,2022-02-05 19:41:55
452,Tucumcari,35.1717,-103.725,47.95,29,0,29.93,US,2022-02-05 19:41:32
453,Smirnykh,49.75,142.8333,8.73,82,100,11.07,RU,2022-02-05 19:41:55
454,Sao Sebastiao,-23.76,-45.4097,79.03,90,99,4.79,BR,2022-02-05 19:41:56
455,Vestmannaeyjar,63.4427,-20.2734,29.79,62,86,7.99,IS,2022-02-05 19:41:56
456,Marawi,7.9986,124.2928,66.65,91,12,1.81,PH,2022-02-05 19:42:56
457,Berbera,10.4396,45.0143,76.05,58,84,0.98,SO,2022-02-05 19:42:57
458,Contamana,-7.3333,-75.0167,93.7,38,100,5.23,PE,2022-02-05 19:42:57
459,Marfino,55.7028,37.3822,14.14,85,100,6.71,RU,2022-02-05 19:42:57
460,Akhmim,26.5622,31.745,52.0,52,0,7.34,EG,2022-02-05 19:42:58
461,Cap Malheureux,-19.9842,57.6142,80.47,77,100,8.01,MU,2022-02-05 19:42:58
462,Lavrentiya,65.5833,-171.0,-17.36,93,12,9.82,RU,2022-02-05 19:41:17
463,Noshiro,40.2039,140.0242,26.69,79,100,14.65,JP,2022-02-05 19:42:59
464,Gunjur,13.2019,-16.7339,84.27,42,0,8.05,GM,2022-02-05 19:42:59
465,Bambari,5.768,20.6757,82.94,18,100,3.2,CF,2022-02-05 19:42:59
466,Somogyvar,46.5814,17.6629,40.28,63,54,1.92,HU,2022-02-05 19:43:00
467,Henties Bay,-22.116,14.2845,67.86,81,12,4.88,NA,2022-02-05 19:43:00
468,Isiolo,0.3546,37.5822,71.47,62,100,4.38,KE,2022-02-05 19:43:01
469,Sa Kaeo,13.75,102.3333,74.26,63,19,8.57,TH,2022-02-05 19:43:01
470,Pangai,-19.8,-174.35,79.14,85,100,26.55,TO,2022-02-05 19:39:20
471,Chapais,49.7834,-74.8492,-0.62,79,88,10.11,CA,2022-02-05 19:43:01
472,Dolores,-36.3132,-57.6792,62.89,80,100,10.83,AR,2022-02-05 19:43:02
473,Rurrenabaque,-14.4413,-67.5278,88.02,57,86,8.7,BO,2022-02-05 19:43:02
474,Elkhotovo,43.3442,44.2011,29.82,80,94,1.39,RU,2022-02-05 19:43:02
475,Am Timan,11.0297,20.2827,78.46,16,100,6.55,TD,2022-02-05 19:40:31
476,Vrangel,42.7297,133.0839,10.13,65,8,17.72,RU,2022-02-05 19:43:03
477,Alta Floresta,-9.8756,-56.0861,85.82,70,40,5.75,BR,2022-02-05 19:43:03
478,Stornoway,58.2093,-6.3865,35.92,82,20,3.0,GB,2022-02-05 19:43:04
479,Willowmore,-33.2926,23.4895,63.59,82,13,15.7,ZA,2022-02-05 19:43:04
480,Santa Fe,-31.6333,-60.7,80.01,48,38,4.0,AR,2022-02-05 19:43:04
481,Quzhou,28.9594,118.8686,38.41,76,100,8.57,CN,2022-02-05 19:43:05
482,Podgornoye,51.735,39.1496,10.62,85,100,8.95,RU,2022-02-05 19:43:05
483,Sitka,57.0531,-135.33,44.49,70,100,13.8,US,2022-02-05 19:43:05
484,Champerico,14.3,-91.9167,93.74,58,0,12.5,GT,2022-02-05 19:43:06
485,Kipushi,-11.7667,27.2333,62.08,96,99,4.16,CD,2022-02-05 19:43:06
486,Tazovskiy,67.4667,78.7,-9.51,100,91,7.63,RU,2022-02-05 19:43:07
487,Locri,38.2414,16.2623,58.91,88,96,8.43,IT,2022-02-05 19:43:07
488,Gimli,50.6336,-96.9907,9.12,72,100,8.05,CA,2022-02-05 19:43:07
489,Nhulunbuy,-12.2333,136.7667,77.61,94,95,0.0,AU,2022-02-05 19:43:08
490,Kongwa,-6.2,36.4167,65.41,89,100,2.17,TZ,2022-02-05 19:43:08
491,Shestakovo,56.4915,103.96,23.59,95,100,9.01,RU,2022-02-05 19:43:08
492,Chaihe,44.7667,129.7,-12.73,96,53,3.58,CN,2022-02-05 19:43:09
493,Yen Bai,21.7,104.8667,54.09,91,100,1.05,VN,2022-02-05 19:43:09
494,Rio Chiquito,15.6333,-88.25,83.95,81,22,3.33,HN,2022-02-05 19:43:09
495,Kandrian,-6.2167,149.55,80.46,79,100,14.81,PG,2022-02-05 19:43:10
496,Hailun,47.45,126.9333,-9.26,100,99,3.27,CN,2022-02-05 19:43:10
497,Mecca,21.4267,39.8261,63.07,42,0,10.65,SA,2022-02-05 19:42:07
498,Cuiluan,47.72,128.648,-7.82,99,100,3.4,CN,2022-02-05 19:43:11
499,Solnechnyy,50.7214,136.6319,2.1,98,100,0.92,RU,2022-02-05 19:43:11
500,Severodvinsk,64.5635,39.8302,3.31,86,100,16.37,RU,2022-02-05 19:38:51
501,Jieshi,22.8134,115.8257,56.95,78,100,19.73,CN,2022-02-05 19:44:11
502,Touros,-5.1989,-35.4608,88.7,63,2,13.06,BR,2022-02-05 19:44:12
503,Shingu,33.7333,135.9833,38.91,63,68,12.06,JP,2022-02-05 19:44:12
504,Independenta,45.4833,27.75,38.28,86,40,15.55,RO,2022-02-05 19:44:12
505,Meadow Lake,34.8014,-106.5436,40.21,52,0,4.65,US,2022-02-05 19:44:13
506,Sandur,15.1,76.55,69.51,35,24,4.63,IN,2022-02-05 19:44:13
507,Labuhan,-6.8844,112.2051,77.74,87,99,10.29,ID,2022-02-05 19:44:14
508,Hohhot,40.8106,111.6522,-0.11,65,0,6.71,CN,2022-02-05 19:44:14
509,Malazgirt,39.1427,42.5401,-3.1,78,15,2.53,TR,2022-02-05 19:44:14
510,Laurel,39.0993,-76.8483,34.75,48,0,7.0,US,2022-02-05 19:40:01
511,Mgachi,51.05,142.2667,5.81,96,100,9.28,RU,2022-02-05 19:44:15
512,Upata,8.0086,-62.3989,86.2,35,68,3.24,VE,2022-02-05 19:44:15
513,Rochegda,62.8,43.25,2.61,95,55,6.85,RU,2022-02-05 19:44:15
514,Kargasok,59.0556,80.8572,17.76,95,100,5.08,RU,2022-02-05 19:44:16
515,Sao Felix Do Xingu,-6.6447,-51.995,85.53,68,100,2.04,BR,2022-02-05 19:44:16
516,Oktyabrskoye,43.0645,44.7417,21.34,85,79,4.47,RU,2022-02-05 19:44:16
517,Bonoua,5.2741,-3.595,83.82,79,50,7.56,CI,2022-02-05 19:44:17
518,Kampot,10.6167,104.1833,78.85,67,55,6.91,KH,2022-02-05 19:44:17
519,Dzaoudzi,-12.7887,45.2699,84.09,79,0,11.5,YT,2022-02-05 19:44:17
520,Hatillo,18.4863,-66.8254,78.78,95,87,5.01,PR,2022-02-05 19:44:18
521,Harper,4.375,-7.7169,80.29,81,21,10.31,LR,2022-02-05 19:42:02
522,Deputatskiy,69.3,139.9,-30.21,97,92,3.27,RU,2022-02-05 19:44:18
523,Kirovsk,48.6375,38.6428,17.82,95,65,6.4,UA,2022-02-05 19:44:18
524,Pirgos,35.1167,25.7178,51.94,72,6,3.83,GR,2022-02-05 19:44:19
525,Byron Bay,-28.65,153.6167,71.49,66,90,19.66,AU,2022-02-05 19:44:19
526,Bolshaya Rechka,51.9503,104.7355,8.87,90,100,1.12,RU,2022-02-05 19:44:20
527,Beatrice,40.2681,-96.747,54.86,22,0,21.85,US,2022-02-05 19:44:20
528,Buta,2.7858,24.73,74.66,36,100,2.17,CD,2022-02-05 19:44:20
529,Polyarnyy,69.1989,33.4478,16.27,82,100,23.2,RU,2022-02-05 19:44:21
530,Ellensburg,46.9965,-120.5479,46.36,64,0,13.0,US,2022-02-05 19:44:21
531,Venice,27.0998,-82.4543,66.97,83,100,16.11,US,2022-02-05 19:44:22
532,Belyy Yar,53.6039,91.3903,-10.14,88,56,2.24,RU,2022-02-05 19:44:22
533,Tobias Barreto,-11.1839,-37.9983,86.52,42,77,17.63,BR,2022-02-05 19:42:56
534,Coracao De Jesus,-16.6853,-44.365,81.32,92,100,5.26,BR,2022-02-05 19:44:22
535,Quatre Cocos,-20.2078,57.7625,80.1,83,100,18.12,MU,2022-02-05 19:44:23
536,Davenda,53.5556,119.317,-8.54,94,99,4.32,RU,2022-02-05 19:44:23
537,Lexington,37.9887,-84.4777,29.34,73,100,3.44,US,2022-02-05 19:39:49
538,Pili,13.5833,123.3,71.24,90,86,6.67,PH,2022-02-05 19:44:24
539,Cassilandia,-19.1133,-51.7342,81.63,67,100,7.85,BR,2022-02-05 19:44:24
540,Garowe,8.4054,48.4845,69.01,59,70,8.05,SO,2022-02-05 19:44:24
541,Vari,37.8312,23.8081,54.63,78,40,1.99,GR,2022-02-05 19:44:25
542,Gloversville,43.0528,-74.3438,20.23,65,40,21.0,US,2022-02-05 19:39:33
543,Morehead,37.2711,-87.1764,29.1,67,0,1.99,US,2022-02-05 19:44:25
544,Orje,59.4802,11.6602,40.42,97,100,15.9,NO,2022-02-05 19:44:25
545,Flin Flon,54.7682,-101.865,-7.76,59,75,6.91,CA,2022-02-05 19:44:26
546,Xining,36.6167,101.7667,11.84,90,100,1.63,CN,2022-02-05 19:39:32
547,Manokwari,-0.8667,134.0833,77.77,77,100,4.0,ID,2022-02-05 19:45:26
548,Presidente Olegario,-18.4178,-46.4181,80.19,79,99,4.09,BR,2022-02-05 19:45:26
549,Juba,4.8517,31.5825,80.06,18,100,4.43,SS,2022-02-05 19:45:27
550,Zyryanka,65.75,150.85,-41.03,100,51,2.93,RU,2022-02-05 19:45:27
551,Urusha,54.05,122.9,-6.54,91,78,4.43,RU,2022-02-05 19:45:28
552,Rocha,-34.4833,-54.3333,72.55,73,53,13.8,UY,2022-02-05 19:43:26
553,Tessalit,20.1986,1.0114,67.15,11,0,8.12,ML,2022-02-05 19:45:28
554,Moree,-29.4667,149.85,57.22,77,7,9.22,AU,2022-02-05 19:43:39
555,Cairns,-16.9167,145.7667,75.15,92,100,8.05,AU,2022-02-05 19:45:28
556,Kysyl-Syr,63.8986,122.7617,-24.56,100,98,1.72,RU,2022-02-05 19:45:29
557,Mayor Pablo Lagerenza,-19.9309,-60.7718,78.31,80,99,9.82,PY,2022-02-05 19:45:29
558,Katangli,51.7102,143.2326,6.31,93,100,21.47,RU,2022-02-05 19:45:29
559,Baglung,28.2719,83.5898,41.04,72,6,6.02,NP,2022-02-05 19:45:30
560,Akdepe,42.0551,59.3788,42.89,85,100,18.34,TM,2022-02-05 19:45:30
561,Luanda,-8.8368,13.2343,78.8,73,20,8.05,AO,2022-02-05 19:45:31
562,Ossora,59.2353,163.0719,13.37,87,100,8.34,RU,2022-02-05 19:45:31
563,Chongwe,-15.3292,28.682,64.08,94,60,1.68,ZM,2022-02-05 19:45:31
564,Wagga Wagga,-35.1167,147.3667,63.79,82,2,4.61,AU,2022-02-05 19:45:32
565,Yining,29.0361,114.5636,39.25,85,100,2.42,CN,2022-02-05 19:45:32
566,Jesus Carranza,17.4333,-95.0333,59.05,70,100,16.84,MX,2022-02-05 19:45:32
567,Asau,46.4333,26.4,37.76,83,86,1.61,RO,2022-02-05 19:45:33
568,Emirdag,39.0197,31.15,25.47,70,2,4.52,TR,2022-02-05 19:45:33
569,Bugiri,0.5714,33.7417,66.92,81,100,6.11,UG,2022-02-05 19:45:33
570,Nishihara,26.1842,127.7558,56.48,62,100,17.27,JP,2022-02-05 19:45:33
571,Karratha,-20.7377,116.8463,84.09,72,100,7.87,AU,2022-02-05 19:45:34
572,Shaowu,27.3409,117.4831,46.33,88,100,0.94,CN,2022-02-05 19:45:34
573,Guerrero Negro,27.9769,-114.0611,68.16,21,0,0.78,MX,2022-02-05 19:45:34
574,San Pedro,14.35,121.0167,78.03,73,40,8.05,PH,2022-02-05 19:45:35
575,Takoradi,4.8845,-1.7554,80.64,83,20,10.11,GH,2022-02-05 19:45:35
576,Loa Janan,-0.583,117.095,73.58,98,100,1.34,ID,2022-02-05 19:45:35
577,Hobyo,5.3505,48.5268,75.99,70,3,11.01,SO,2022-02-05 19:41:08
578,Kaka,37.3482,59.6143,46.29,73,100,8.75,TM,2022-02-05 19:45:36
579,Tianpeng,30.9866,103.9393,39.67,93,100,5.41,CN,2022-02-05 19:45:36
580,Abu Kamal,34.4506,40.9171,51.12,58,5,8.46,SY,2022-02-05 19:45:37
581,Aiken,33.5835,-81.5998,52.88,38,0,12.66,US,2022-02-05 19:45:22
582,Grajau,-5.8194,-46.1386,81.64,87,97,3.18,BR,2022-02-05 19:45:31
583,Aketi,2.7388,23.7833,74.57,35,99,1.52,CD,2022-02-05 19:45:37
584,Ganzhou,28.8184,115.4327,40.57,81,100,5.57,CN,2022-02-05 19:41:25
585,Namibe,-15.1961,12.1522,73.72,69,100,11.36,AO,2022-02-05 19:45:38
586,Luang Prabang,19.8856,102.1347,64.36,99,100,1.5,LA,2022-02-05 19:45:38
587,Mutsu,41.2894,141.2169,24.01,72,67,12.68,JP,2022-02-05 19:45:38
